order,list,item,condition,target_num,comp_num,sentence,firstDisplay,secondDisplay,expTrials
6,1,X80,9,singular,plural,The daisy is on Number 5 and it is next to the lifeguard.,X80_9_1.jpg,X80_9_2.jpg,N
6,2,X80,9,singular,plural,The daisy is on Number 5 and it is next to the lifeguard.,X80_9_1.jpg,X80_9_2.jpg,N
6,3,X80,9,singular,plural,The daisy is on Number 5 and it is next to the lifeguard.,X80_9_1.jpg,X80_9_2.jpg,N
6,4,X80,9,singular,plural,The daisy is on Number 5 and it is next to the lifeguard.,X80_9_1.jpg,X80_9_2.jpg,N
7,1,P6,9,singular,,The cricketer is below the pipe and he is on Number 5.,P6_1.jpg,P6_2.jpg,N
7,2,P6,9,singular,,The cricketer is below the pipe and he is on Number 5.,P6_1.jpg,P6_2.jpg,N
7,3,P6,9,singular,,The cricketer is below the pipe and he is on Number 5.,P6_1.jpg,P6_2.jpg,N
7,4,P6,9,singular,,The cricketer is below the pipe and he is on Number 5.,P6_1.jpg,P6_2.jpg,N
8,1,22,1,plural,singular,The grandfathers below the boy are on Number 4.,E22_1_1.jpg,E22_1_2.jpg,Y
8,2,22,3,plural,plural,The grandfathers below the boys are on Number 4.,E22_3_1.jpg,E22_3_2.jpg,Y
8,3,22,4,plural,plural,The grandfathers below the girls are on Number 4.,E22_4_1.jpg,E22_4_2.jpg,Y
8,4,22,2,plural,singular,The grandfathers below the girl are on Number 4.,E22_2_1.jpg,E22_2_2.jpg,Y
9,1,X20,9,plural,singular,The diamonds are next to the earth and they are on Number 6.,X20_9_1.jpg,X20_9_2.jpg,N
9,2,X20,9,plural,singular,The diamonds are next to the earth and they are on Number 6.,X20_9_1.jpg,X20_9_2.jpg,N
9,3,X20,9,plural,singular,The diamonds are next to the earth and they are on Number 6.,X20_9_1.jpg,X20_9_2.jpg,N
9,4,X20,9,plural,singular,The diamonds are next to the earth and they are on Number 6.,X20_9_1.jpg,X20_9_2.jpg,N
10,1,X62,9,singular,,The mechanic is above the tyre and he is on Number 5.,X62_9_1.jpg,X62_9_2.jpg,N
10,2,X62,9,singular,,The mechanic is above the tyre and he is on Number 5.,X62_9_1.jpg,X62_9_2.jpg,N
10,3,X62,9,singular,,The mechanic is above the tyre and he is on Number 5.,X62_9_1.jpg,X62_9_2.jpg,N
10,4,X62,9,singular,,The mechanic is above the tyre and he is on Number 5.,X62_9_1.jpg,X62_9_2.jpg,N
11,1,25,4,plural,plural,The fairies below the kings are on Number 4.,E25_4_1.jpg,E25_4_2.jpg,Y
11,2,25,2,plural,singular,The fairies below the king are on Number 4.,E25_2_1.jpg,E25_2_2.jpg,Y
11,3,25,1,plural,singular,The fairies below the queen are on Number 4.,E25_1_1.jpg,E25_1_2.jpg,Y
11,4,25,3,plural,plural,The fairies below the queens are on Number 4.,E25_3_1.jpg,E25_3_2.jpg,Y
12,1,X38,9,singular,,The horses are on Number 5 and they are on the row below the sponge.,X38_9_1.jpg,X38_9_2.jpg,N
12,2,X38,9,singular,,The horses are on Number 5 and they are on the row below the sponge.,X38_9_1.jpg,X38_9_2.jpg,N
12,3,X38,9,singular,,The horses are on Number 5 and they are on the row below the sponge.,X38_9_1.jpg,X38_9_2.jpg,N
12,4,X38,9,singular,,The horses are on Number 5 and they are on the row below the sponge.,X38_9_1.jpg,X38_9_2.jpg,N
13,1,37,3,plural,plural,The barbers next to the grooms are on Number 3.,E37_3_1.jpg,E37_3_2.jpg,Y
13,2,37,1,plural,singular,The barbers next to the groom are on Number 3.,E37_1_1.jpg,E37_1_2.jpg,Y
13,3,37,2,plural,singular,The barbers next to the bride are on Number 3.,E37_2_1.jpg,E37_2_2.jpg,Y
13,4,37,4,plural,plural,The barbers next to the brides are on Number 3.,E37_4_1.jpg,E37_4_2.jpg,Y
14,1,X69,9,singular,singular,The backpacker is below the pot and he is on Number 4.,X69_9_1.jpg,X69_9_2.jpg,N
14,2,X69,9,singular,singular,The backpacker is below the pot and he is on Number 4.,X69_9_1.jpg,X69_9_2.jpg,N
14,3,X69,9,singular,singular,The backpacker is below the pot and he is on Number 4.,X69_9_1.jpg,X69_9_2.jpg,N
14,4,X69,9,singular,singular,The backpacker is below the pot and he is on Number 4.,X69_9_1.jpg,X69_9_2.jpg,N
15,1,24,2,plural,singular,The cashiers next to the prince are on Number 2.,E24_2_1.jpg,E24_2_2.jpg,Y
15,2,24,4,plural,plural,The cashiers next to the princes are on Number 2.,E24_4_1.jpg,E24_4_2.jpg,Y
15,3,24,3,plural,plural,The cashiers next to the princesses are on Number 2.,E24_3_1.jpg,E24_3_2.jpg,Y
15,4,24,1,plural,singular,The cashiers next to the princess are on Number 2.,E24_1_1.jpg,E24_1_2.jpg,Y
16,1,X27,9,singular,plural,The olives are above the cat.,X27_9_1.jpg,X27_9_2.jpg,N
16,2,X27,9,singular,plural,The olives are above the cat.,X27_9_1.jpg,X27_9_2.jpg,N
16,3,X27,9,singular,plural,The olives are above the cat.,X27_9_1.jpg,X27_9_2.jpg,N
16,4,X27,9,singular,plural,The olives are above the cat.,X27_9_1.jpg,X27_9_2.jpg,N
17,1,P5,9,plural,,The tractors are on Number 4 and they are below the wheelbarrow.,P5_1.jpg,P5_2.jpg,N
17,2,P5,9,plural,,The tractors are on Number 4 and they are below the wheelbarrow.,P5_1.jpg,P5_2.jpg,N
17,3,P5,9,plural,,The tractors are on Number 4 and they are below the wheelbarrow.,P5_1.jpg,P5_2.jpg,N
17,4,P5,9,plural,,The tractors are on Number 4 and they are below the wheelbarrow.,P5_1.jpg,P5_2.jpg,N
18,1,15,1,plural,singular,The priests next to the waiter are on Number 5.,E15_1_1.jpg,E15_1_2.jpg,Y
18,2,15,3,plural,plural,The priests next to the waiters are on Number 5.,E15_3_1.jpg,E15_3_2.jpg,Y
18,3,15,2,plural,singular,The priests next to the waitress are on Number 5.,E15_2_1.jpg,E15_2_2.jpg,Y
18,4,15,4,plural,plural,The priests next to the waitresses are on Number 5.,E15_4_1.jpg,E15_4_2.jpg,Y
19,1,X31,9,singular,singular,The socket is next to the detective and he is on Number 2.,X31_9_1.jpg,X31_9_2.jpg,N
19,2,X31,9,singular,singular,The socket is next to the detective and he is on Number 2.,X31_9_1.jpg,X31_9_2.jpg,N
19,3,X31,9,singular,singular,The socket is next to the detective and he is on Number 2.,X31_9_1.jpg,X31_9_2.jpg,N
19,4,X31,9,singular,singular,The socket is next to the detective and he is on Number 2.,X31_9_1.jpg,X31_9_2.jpg,N
20,1,X15,9,singular,plural,"The train is on Number 4, and it is below the cameras.",X15_9_1.jpg,X15_9_2.jpg,N
20,2,X15,9,singlar,plural,"The train is on Number 4, and it is below the cameras.",X15_9_1.jpg,X15_9_2.jpg,N
20,3,X15,9,singlar,plural,"The train is on Number 4, and it is below the cameras.",X15_9_1.jpg,X15_9_2.jpg,N
20,4,X15,9,singlar,plural,"The train is on Number 4, and it is below the cameras.",X15_9_1.jpg,X15_9_2.jpg,N
21,1,31,3,plural,plural,The ballerinas next to the fortune-tellers are on Number 6.,E31_3_1.jpg,E31_3_2.jpg,Y
21,2,31,1,plural,singular,The ballerinas next to the fortune-teller are on Number 6.,E31_1_1.jpg,E31_1_2.jpg,Y
21,3,31,4,plural,plural,The ballerinas next to the sheriffs are on Number 6.,E31_4_1.jpg,E31_4_2.jpg,Y
21,4,31,2,plural,singular,The ballerinas next to the sheriff are on Number 6.,E31_2_1.jpg,E31_2_2.jpg,Y
22,1,X79,9,singular,,The light bulb is on Number 5.,X79_9_1.jpg,X79_9_2.jpg,N
22,2,X79,9,singular,,The light bulb is on Number 5.,X79_9_1.jpg,X79_9_2.jpg,N
22,3,X79,9,singular,,The light bulb is on Number 5.,X79_9_1.jpg,X79_9_2.jpg,N
22,4,X79,9,singular,,The light bulb is on Number 5.,X79_9_1.jpg,X79_9_2.jpg,N
23,1,X52,9,plural,singular,"On the row above the dog, there are goats and they are on Number 3.",X52_9_1.jpg,X52_9_2.jpg,N
23,2,X52,9,plural,singular,"On the row above the dog, there are goats and they are on Number 3.",X52_9_1.jpg,X52_9_2.jpg,N
23,3,X52,9,plural,singular,"On the row above the dog, there are goats and they are on Number 3.",X52_9_1.jpg,X52_9_2.jpg,N
23,4,X52,9,plural,singular,"On the row above the dog, there are goats and they are on Number 3.",X52_9_1.jpg,X52_9_2.jpg,N
24,1,4,2,plural,singular,The bricklayers below the princess are on Number 4.,E04_2_1.jpg,E04_2_2.jpg,Y
24,2,4,4,plural,plural,The bricklayers below the princesses are on Number 4.,E04_4_1.jpg,E04_4_2.jpg,Y
24,3,4,3,plural,plural,The bricklayers below the princes are on Number 4.,E04_3_1.jpg,E04_3_2.jpg,Y
24,4,4,1,plural,singular,The bricklayers below the prince are on Number 4.,E04_1_1.jpg,E04_1_2.jpg,Y
25,1,X26,9,singular,singular,The dancer is below the pine tree and he is on Number 4.,X26_9_1.jpg,X26_9_2.jpg,N
25,2,X26,9,singular,singular,The dancer is below the pine tree and he is on Number 4.,X26_9_1.jpg,X26_9_2.jpg,N
25,3,X26,9,singular,singular,The dancer is below the pine tree and he is on Number 4.,X26_9_1.jpg,X26_9_2.jpg,N
25,4,X26,9,singular,singular,The dancer is below the pine tree and he is on Number 4.,X26_9_1.jpg,X26_9_2.jpg,N
26,1,X08,9,plural,,The spoons are on the row above the sheep and they are on Number 2.,X08_9_1.jpg,X08_9_2.jpg,N
26,2,X08,9,plural,,The spoons are on the row above the sheep and they are on Number 2.,X08_9_1.jpg,X08_9_2.jpg,N
26,3,X08,9,plural,,The spoons are on the row above the sheep and they are on Number 2.,X08_9_1.jpg,X08_9_2.jpg,N
26,4,X08,9,plural,,The spoons are on the row above the sheep and they are on Number 2.,X08_9_1.jpg,X08_9_2.jpg,N
27,1,2,4,plural,plural,The sailors above the queens are on Number 2.,E02_4_1.jpg,E02_4_2.jpg,Y
27,2,2,2,plural,singular,The sailors above the queen are on Number 2.,E02_2_1.jpg,E02_2_2.jpg,Y
27,3,2,1,plural,singular,The sailors above the king are on Number 2.,E02_1_1.jpg,E02_1_2.jpg,Y
27,4,2,3,plural,plural,The sailors above the kings are on Number 2.,E02_3_1.jpg,E02_3_2.jpg,Y
28,1,X09,9,singular,singular,The delivery man is on Number 4 and he is on the same line as the hand.,X09_9_1.jpg,X09_9_2.jpg,N
28,2,X09,9,singular,singular,The delivery man is on Number 4 and he is on the same line as the hand.,X09_9_1.jpg,X09_9_2.jpg,N
28,3,X09,9,singular,singular,The delivery man is on Number 4 and he is on the same line as the hand.,X09_9_1.jpg,X09_9_2.jpg,N
28,4,X09,9,singular,singular,The delivery man is on Number 4 and he is on the same line as the hand.,X09_9_1.jpg,X09_9_2.jpg,N
29,1,X13,9,singular,,There is a baker and he is on Number 3.,X13_9_1.jpg,X13_9_2.jpg,N
29,2,X13,9,singular,,There is a baker and he is on Number 3.,X13_9_1.jpg,X13_9_2.jpg,N
29,3,X13,9,singular,,There is a baker and he is on Number 3.,X13_9_1.jpg,X13_9_2.jpg,N
29,4,X13,9,singular,,There is a baker and he is on Number 3.,X13_9_1.jpg,X13_9_2.jpg,N
30,1,5,1,plural,singular,The secretaries below the countess are on Number 6.,E05_1_1.jpg,E05_1_2.jpg,Y
30,2,5,3,plural,plural,The secretaries below the countesses are on Number 6.,E05_3_1.jpg,E05_3_2.jpg,Y
30,3,5,2,plural,singular,The secretaries below the knight are on Number 6.,E05_2_1.jpg,E05_2_2.jpg,Y
30,4,5,4,plural,plural,The secretaries below the knights are on Number 6.,E05_4_1.jpg,E05_4_2.jpg,Y
31,1,X32,9,plural,singular,There are some cherries and they are on the same line as the giraffe.,X32_9_1.jpg,X32_9_2.jpg,N
31,2,X32,9,plural,singular,There are some cherries and they are on the same line as the giraffe.,X32_9_1.jpg,X32_9_2.jpg,N
31,3,X32,9,plural,singular,There are some cherries and they are on the same line as the giraffe.,X32_9_1.jpg,X32_9_2.jpg,N
31,4,X32,9,plural,singular,There are some cherries and they are on the same line as the giraffe.,X32_9_1.jpg,X32_9_2.jpg,N
32,1,X24,9,singular,,The cat is on Number 4.,X24_9_1.jpg,X24_9_2.jpg,N
32,2,X24,9,singular,,The cat is on Number 4.,X24_9_1.jpg,X24_9_2.jpg,N
32,3,X24,9,singular,,The cat is on Number 4.,X24_9_1.jpg,X24_9_2.jpg,N
32,4,X24,9,singular,,The cat is on Number 4.,X24_9_1.jpg,X24_9_2.jpg,N
33,1,40,4,plural,plural,The grooms next to the hairdressers are on Number 3.,E40_4_1.jpg,E40_4_2.jpg,Y
33,2,40,2,plural,singular,The grooms next to the hairdresser are on Number 3.,E40_2_1.jpg,E40_2_2.jpg,Y
33,3,40,1,plural,singular,The grooms next to the barber are on Number 3.,E40_1_1.jpg,E40_1_2.jpg,Y
33,4,40,3,plural,plural,The grooms next to the barbers are on Number 3.,E40_3_1.jpg,E40_3_2.jpg,Y
34,1,X40,9,singular,,There is a thief below the swing and he is on Number 4.,X40_9_1.jpg,X40_9_2.jpg,N
34,2,X40,9,singular,,There is a thief below the swing and he is on Number 4.,X40_9_1.jpg,X40_9_2.jpg,N
34,3,X40,9,singular,,There is a thief below the swing and he is on Number 4.,X40_9_1.jpg,X40_9_2.jpg,N
34,4,X40,9,singular,,There is a thief below the swing and he is on Number 4.,X40_9_1.jpg,X40_9_2.jpg,N
35,1,X02,9,plural,,The keyboards are on Number 3.,X02_9_1.jpg,X02_9_2.jpg,N
35,2,X02,9,plural,,The keyboards are on Number 3.,X02_9_1.jpg,X02_9_2.jpg,N
35,3,X02,9,plural,,The keyboards are on Number 3.,X02_9_1.jpg,X02_9_2.jpg,N
35,4,X02,9,plural,,The keyboards are on Number 3.,X02_9_1.jpg,X02_9_2.jpg,N
36,1,3,2,plural,singular,The girls next to the grandfather are on Number 1.,E03_2_1.jpg,E03_2_2.jpg,Y
36,2,3,4,plural,plural,The girls next to the grandfathers are on Number 1.,E03_4_1.jpg,E03_4_2.jpg,Y
36,3,3,3,plural,plural,The girls next to the grandmothers are on Number 1.,E03_3_1.jpg,E03_3_2.jpg,Y
36,4,3,1,plural,singular,The girls next to the grandmother are on Number 1.,E03_1_1.jpg,E03_1_2.jpg,Y
37,1,X56,9,singlar,,The cards are below the Viking and they are on Number 4.,X56_9_1.jpg,X56_9_2.jpg,N
37,2,X56,9,singlar,,The cards are below the Viking and they are on Number 4.,X56_9_1.jpg,X56_9_2.jpg,N
37,3,X56,9,singlar,,The cards are below the Viking and they are on Number 4.,X56_9_1.jpg,X56_9_2.jpg,N
37,4,X56,9,singlar,,The cards are below the Viking and they are on Number 4.,X56_9_1.jpg,X56_9_2.jpg,N
38,1,X17,9,singlar,singular,The chef is on the same row as the charger and he is on Number 4.,X17_9_1.jpg,X17_9_2.jpg,N
38,2,X17,9,singlar,singular,The chef is on the same row as the charger and he is on Number 4.,X17_9_1.jpg,X17_9_2.jpg,N
38,3,X17,9,singlar,singular,The chef is on the same row as the charger and he is on Number 4.,X17_9_1.jpg,X17_9_2.jpg,N
38,4,X17,9,singlar,singular,The chef is on the same row as the charger and he is on Number 4.,X17_9_1.jpg,X17_9_2.jpg,N
39,1,18,3,plural,plural,The nurses above the stewardesses are on Number 3.,E18_3_1.jpg,E18_3_2.jpg,Y
39,2,18,1,plural,singular,The nurses above the stewardess are on Number 3.,E18_1_1.jpg,E18_1_2.jpg,Y
39,3,18,4,plural,plural,The nurses above the pilots are on Number 3.,E18_4_1.jpg,E18_4_2.jpg,Y
39,4,18,2,plural,singular,The nurses above the pilot are on Number 3.,E18_2_1.jpg,E18_2_2.jpg,Y
40,1,X19,9,singular,,The turtle is on Number 5 and it is next to the gardener.,X19_9_1.jpg,X19_9_2.jpg,N
40,2,X19,9,singular,,The turtle is on Number 5 and it is next to the gardener.,X19_9_1.jpg,X19_9_2.jpg,N
40,3,X19,9,singular,,The turtle is on Number 5 and it is next to the gardener.,X19_9_1.jpg,X19_9_2.jpg,N
40,4,X19,9,singular,,The turtle is on Number 5 and it is next to the gardener.,X19_9_1.jpg,X19_9_2.jpg,N
41,1,X21,9,plural,,There are rabbits on Number 3.,X21_9_1.jpg,X21_9_2.jpg,N
41,2,X21,9,plural,,There are rabbits on Number 3.,X21_9_1.jpg,X21_9_2.jpg,N
41,3,X21,9,plural,,There are rabbits on Number 3.,X21_9_1.jpg,X21_9_2.jpg,N
41,4,X21,9,plural,,There are rabbits on Number 3.,X21_9_1.jpg,X21_9_2.jpg,N
42,1,16,4,plural,plural,The footballers above the housekeepers are on Number 1.,E16_4_1.jpg,E16_4_2.jpg,Y
42,2,16,2,plural,singular,The footballers above the housekeeper are on Number 1.,E16_2_1.jpg,E16_2_2.jpg,Y
42,3,16,3,plural,plural,The footballers above the soldiers are on Number 1.,E16_3_1.jpg,E16_3_2.jpg,Y
42,4,16,1,plural,singular,The footballers above the soldier are on Number 1.,E16_1_1.jpg,E16_1_2.jpg,Y
43,1,X10,9,singular,,The dolls are on Number 6 and they are on the same row as the electrician.,X10_9_1.jpg,X10_9_2.jpg,N
43,2,X10,9,singular,,The dolls are on Number 6 and they are on the same row as the electrician.,X10_9_1.jpg,X10_9_2.jpg,N
43,3,X10,9,singular,,The dolls are on Number 6 and they are on the same row as the electrician.,X10_9_1.jpg,X10_9_2.jpg,N
43,4,X10,9,singular,,The dolls are on Number 6 and they are on the same row as the electrician.,X10_9_1.jpg,X10_9_2.jpg,N
44,1,X25,9,plural,,There are matches and they are on Number 5.,X25_9_1.jpg,X25_9_2.jpg,N
44,2,X25,9,plural,,There are matches and they are on Number 5.,X25_9_1.jpg,X25_9_2.jpg,N
44,3,X25,9,plural,,There are matches and they are on Number 5.,X25_9_1.jpg,X25_9_2.jpg,N
44,4,X25,9,plural,,There are matches and they are on Number 5.,X25_9_1.jpg,X25_9_2.jpg,N
45,1,36,2,plural,singular,The florists below the wizard are on Number 4.,E36_2_1.jpg,E36_2_2.jpg,Y
45,2,36,4,plural,plural,The florists below the wizards are on Number 4.,E36_4_1.jpg,E36_4_2.jpg,Y
45,3,36,1,plural,singular,The florists below the witch are on Number 4.,E36_1_1.jpg,E36_1_2.jpg,Y
45,4,36,3,plural,plural,The florists below the witches are on Number 4.,E36_3_1.jpg,E36_3_2.jpg,Y
46,1,X28,9,singular,,On Number 3 there is a bag.,X28_9_1.jpg,X28_9_2.jpg,N
46,2,X28,9,singular,,On Number 3 there is a bag.,X28_9_1.jpg,X28_9_2.jpg,N
46,3,X28,9,singular,,On Number 3 there is a bag.,X28_9_1.jpg,X28_9_2.jpg,N
46,4,X28,9,singular,,On Number 3 there is a bag.,X28_9_1.jpg,X28_9_2.jpg,N
47,1,X72,9,plural,singular,The kennel is next to the roosters and it is on Number 6.,X72_9_1.jpg,X72_9_2.jpg,N
47,2,X72,9,plural,singular,The kennel is next to the roosters and it is on Number 6.,X72_9_1.jpg,X72_9_2.jpg,N
47,3,X72,9,plural,singular,The kennel is next to the roosters and it is on Number 6.,X72_9_1.jpg,X72_9_2.jpg,N
47,4,X72,9,plural,singular,The kennel is next to the roosters and it is on Number 6.,X72_9_1.jpg,X72_9_2.jpg,N
48,1,7,3,plural,plural,The kings above the sailors are on Number 1.,E07_3_1.jpg,E07_3_2.jpg,Y
48,2,7,1,plural,singular,The kings above the sailor are on Number 1.,E07_1_1.jpg,E07_1_2.jpg,Y
48,3,7,2,plural,singular,The kings above the fairy are on Number 1.,E07_2_1.jpg,E07_2_2.jpg,Y
48,4,7,4,plural,plural,The kings above the fairies are on Number 1.,E07_4_1.jpg,E07_4_2.jpg,Y
49,1,X16,9,plural,,There are croissants and they are on Number 5.,X16_9_1.jpg,X16_9_2.jpg,N
49,2,X16,9,plural,,There are croissants and they are on Number 5.,X16_9_1.jpg,X16_9_2.jpg,N
49,3,X16,9,plural,,There are croissants and they are on Number 5.,X16_9_1.jpg,X16_9_2.jpg,N
49,4,X16,9,plural,,There are croissants and they are on Number 5.,X16_9_1.jpg,X16_9_2.jpg,N
50,1,X30,9,singular,singular,The shower is on Number 4 and it is on the row below the pharaoh.,X30_9_1.jpg,X30_9_2.jpg,N
50,2,X30,9,singular,singular,The shower is on Number 4 and it is on the row below the pharaoh.,X30_9_1.jpg,X30_9_2.jpg,N
50,3,X30,9,singular,singular,The shower is on Number 4 and it is on the row below the pharaoh.,X30_9_1.jpg,X30_9_2.jpg,N
50,4,X30,9,singular,singular,The shower is on Number 4 and it is on the row below the pharaoh.,X30_9_1.jpg,X30_9_2.jpg,N
51,1,11,1,plural,singular,The grandmothers below the girl are on Number 5.,E11_1_1.jpg,E11_1_2.jpg,Y
51,2,11,3,plural,plural,The grandmothers below the girls are on Number 5.,E11_3_1.jpg,E11_3_2.jpg,Y
51,3,11,4,plural,plural,The grandmothers below the boys are on Number 5.,E11_4_1.jpg,E11_4_2.jpg,Y
51,4,11,2,plural,singular,The grandmothers below the boy are on Number 5.,E11_2_1.jpg,E11_2_2.jpg,Y
52,1,X59,9,singular,singular,"The musician is on Number 3, and he is above the scarf.",X59_9_1.jpg,X59_9_2.jpg,N
52,2,X59,9,singular,singular,"The musician is on Number 3, and he is above the scarf.",X59_9_1.jpg,X59_9_2.jpg,N
52,3,X59,9,singular,singular,"The musician is on Number 3, and he is above the scarf.",X59_9_1.jpg,X59_9_2.jpg,N
52,4,X59,9,singular,singular,"The musician is on Number 3, and he is above the scarf.",X59_9_1.jpg,X59_9_2.jpg,N
53,1,X53,9,singular,singular,The sportswoman is on the same line as the folder and she is on Number 4.,X53_9_1.jpg,X53_9_2.jpg,N
53,2,X53,9,singular,singular,The sportswoman is on the same line as the folder and she is on Number 4.,X53_9_1.jpg,X53_9_2.jpg,N
53,3,X53,9,singular,singular,The sportswoman is on the same line as the folder and she is on Number 4.,X53_9_1.jpg,X53_9_2.jpg,N
53,4,X53,9,singular,singular,The sportswoman is on the same line as the folder and she is on Number 4.,X53_9_1.jpg,X53_9_2.jpg,N
54,1,19,2,plural,singular,The waiters next to the nun are on Number 4.,E19_2_1.jpg,E19_2_2.jpg,Y
54,2,19,4,plural,plural,The waiters next to the nuns are on Number 4.,E19_4_1.jpg,E19_4_2.jpg,Y
54,3,19,1,plural,singular,The waiters next to the priest are on Number 4.,E19_1_1.jpg,E19_1_2.jpg,Y
54,4,19,3,plural,plural,The waiters next to the priests are on Number 4.,E19_3_1.jpg,E19_3_2.jpg,Y
55,1,X34,9,plural,singular,The harp is on Number 4 and it is below the pigeons.,X34_9_1.jpg,X34_9_2.jpg,N
55,2,X34,9,plural,singular,The harp is on Number 4 and it is below the pigeons.,X34_9_1.jpg,X34_9_2.jpg,N
55,3,X34,9,plural,singular,The harp is on Number 4 and it is below the pigeons.,X34_9_1.jpg,X34_9_2.jpg,N
55,4,X34,9,plural,singular,The harp is on Number 4 and it is below the pigeons.,X34_9_1.jpg,X34_9_2.jpg,N
56,1,X65,9,plural,,There are crabs on Number 3.,X65_9_1.jpg,X65_9_2.jpg,N
56,2,X65,9,plural,,There are crabs on Number 3.,X65_9_1.jpg,X65_9_2.jpg,N
56,3,X65,9,plural,,There are crabs on Number 3.,X65_9_1.jpg,X65_9_2.jpg,N
56,4,X65,9,plural,,There are crabs on Number 3.,X65_9_1.jpg,X65_9_2.jpg,N
57,1,9,3,plural,plural,The boxers above the sheriffs are on Number 2.,E09_3_1.jpg,E09_3_2.jpg,Y
57,2,9,1,plural,singular,The boxers above the sheriff are on Number 2.,E09_1_1.jpg,E09_1_2.jpg,Y
57,3,9,4,plural,plural,The boxers above the fortune-tellers are on Number 2.,E09_4_1.jpg,E09_4_2.jpg,Y
57,4,9,2,plural,singular,The boxers above the fortune-teller are on Number 2.,E09_2_1.jpg,E09_2_2.jpg,Y
58,1,X55,9,plural,,There are rackets on Number 3.,X55_9_1.jpg,X55_9_2.jpg,N
58,2,X55,9,plural,,There are rackets on Number 3.,X55_9_1.jpg,X55_9_2.jpg,N
58,3,X55,9,plural,,There are rackets on Number 3.,X55_9_1.jpg,X55_9_2.jpg,N
58,4,X55,9,plural,,There are rackets on Number 3.,X55_9_1.jpg,X55_9_2.jpg,N
59,1,X58,9,singular,,The stapler is on Number 3 and it is on the row above the cowboy.,X58_9_1.jpg,X58_9_2.jpg,N
59,2,X58,9,singular,,The stapler is on Number 3 and it is on the row above the cowboy.,X58_9_1.jpg,X58_9_2.jpg,N
59,3,X58,9,singular,,The stapler is on Number 3 and it is on the row above the cowboy.,X58_9_1.jpg,X58_9_2.jpg,N
59,4,X58,9,singular,,The stapler is on Number 3 and it is on the row above the cowboy.,X58_9_1.jpg,X58_9_2.jpg,N
60,1,10,1,plural,singular,The wizards next to the firefighter are on Number 6.,E10_1_1.jpg,E10_1_2.jpg,Y
60,2,10,3,plural,plural,The wizards next to the firefighters are on Number 6.,E10_3_1.jpg,E10_3_2.jpg,Y
60,3,10,2,plural,singular,The wizards next to the florist are on Number 6.,E10_2_1.jpg,E10_2_2.jpg,Y
60,4,10,4,plural,plural,The wizards next to the florists are on Number 6.,E10_4_1.jpg,E10_4_2.jpg,Y
61,1,X22,9,singular,plural,The ladybug is on Number 2 and it is on the row above the canaries.,X22_9_1.jpg,X22_9_2.jpg,N
61,2,X22,9,singular,plural,The ladybug is on Number 2 and it is on the row above the canaries.,X22_9_1.jpg,X22_9_2.jpg,N
61,3,X22,9,singular,plural,The ladybug is on Number 2 and it is on the row above the canaries.,X22_9_1.jpg,X22_9_2.jpg,N
61,4,X22,9,singular,plural,The ladybug is on Number 2 and it is on the row above the canaries.,X22_9_1.jpg,X22_9_2.jpg,N
62,1,X43,9,plural,,The umbrella is above the jugs and they are on Number 6.,X43_9_1.jpg,X43_9_2.jpg,N
62,2,X43,9,plural,,The umbrella is above the jugs and they are on Number 6.,X43_9_1.jpg,X43_9_2.jpg,N
62,3,X43,9,plural,,The umbrella is above the jugs and they are on Number 6.,X43_9_1.jpg,X43_9_2.jpg,N
62,4,X43,9,plural,,The umbrella is above the jugs and they are on Number 6.,X43_9_1.jpg,X43_9_2.jpg,N
63,1,39,4,plural,plural,The cheerleaders below the soldiers are on Number 4.,E39_4_1.jpg,E39_4_2.jpg,Y
63,2,39,2,plural,singular,The cheerleaders below the soldier are on Number 4.,E39_2_1.jpg,E39_2_2.jpg,Y
63,3,39,3,plural,plural,The cheerleaders below the housekeepers are on Number 4.,E39_3_1.jpg,E39_3_2.jpg,Y
63,4,39,1,plural,singular,The cheerleaders below the housekeeper are on Number 4.,E39_1_1.jpg,E39_1_2.jpg,Y
64,1,X36,9,plural,plural,The sheep are on Number 4 and they are next to the laptop.,X36_9_1.jpg,X36_9_2.jpg,N
64,2,X36,9,plural,plural,The sheep are on Number 4 and they are next to the laptop.,X36_9_1.jpg,X36_9_2.jpg,N
64,3,X36,9,plural,plural,The sheep are on Number 4 and they are next to the laptop.,X36_9_1.jpg,X36_9_2.jpg,N
64,4,X36,9,plural,plural,The sheep are on Number 4 and they are next to the laptop.,X36_9_1.jpg,X36_9_2.jpg,N
65,1,X03,9,singular,,There is a cactus and it is on Number 5.,X03_9_1.jpg,X03_9_2.jpg,N
65,2,X03,9,singular,,There is a cactus and it is on Number 5.,X03_9_1.jpg,X03_9_2.jpg,N
65,3,X03,9,singular,,There is a cactus and it is on Number 5.,X03_9_1.jpg,X03_9_2.jpg,N
65,4,X03,9,singular,,There is a cactus and it is on Number 5.,X03_9_1.jpg,X03_9_2.jpg,N
66,1,1,1,plural,singular,The princes next to the bricklayer are on Number 3.,E01_1_1.jpg,E01_1_2.jpg,Y
66,2,1,3,plural,plural,The princes next to the bricklayers are on Number 3.,E01_3_1.jpg,E01_3_2.jpg,Y
66,3,1,4,plural,plural,The princes next to the cashiers are on Number 3.,E01_4_1.jpg,E01_4_2.jpg,Y
66,4,1,2,plural,singular,The princes next to the cashier are on Number 3.,E01_2_1.jpg,E01_2_2.jpg,Y
67,1,X48,9,singular,singular,"The baby is on Number 1, and she is on the same line as the calculator.",X48_9_1.jpg,X48_9_2.jpg,N
67,2,X48,9,singular,singular,"The baby is on Number 1, and she is on the same line as the calculator.",X48_9_1.jpg,X48_9_2.jpg,N
67,3,X48,9,singular,singular,"The baby is on Number 1, and she is on the same line as the calculator.",X48_9_1.jpg,X48_9_2.jpg,N
67,4,X48,9,singular,singular,"The baby is on Number 1, and she is on the same line as the calculator.",X48_9_1.jpg,X48_9_2.jpg,N
68,1,X01,9,plural,,The shells are on Number 6 and they are on the row below the basil and the oven.,X01_9_1.jpg,X01_9_2.jpg,N
68,2,X01,9,plural,,The shells are on Number 6 and they are on the row below the basil and the oven.,X01_9_1.jpg,X01_9_2.jpg,N
68,3,X01,9,plural,,The shells are on Number 6 and they are on the row below the basil and the oven.,X01_9_1.jpg,X01_9_2.jpg,N
68,4,X01,9,plural,,The shells are on Number 6 and they are on the row below the basil and the oven.,X01_9_1.jpg,X01_9_2.jpg,N
69,1,8,3,plural,plural,The hairdressers next to the brides are on Number 1.,E08_3_1.jpg,E08_3_2.jpg,Y
69,2,8,1,plural,singular,The hairdressers next to the bride are on Number 1.,E08_1_1.jpg,E08_1_2.jpg,Y
69,3,8,2,plural,singular,The hairdressers next to the groom are on Number 1.,E08_2_1.jpg,E08_2_2.jpg,Y
69,4,8,4,plural,plural,The hairdressers next to the grooms are on Number 1.,E08_4_1.jpg,E08_4_2.jpg,Y
70,1,X50,9,singular,,There is a CD on Number 5.,X50_9_1.jpg,X50_9_2.jpg,N
70,2,X50,9,singular,,There is a CD on Number 5.,X50_9_1.jpg,X50_9_2.jpg,N
70,3,X50,9,singular,,There is a CD on Number 5.,X50_9_1.jpg,X50_9_2.jpg,N
70,4,X50,9,singular,,There is a CD on Number 5.,X50_9_1.jpg,X50_9_2.jpg,N
71,1,X18,9,singular,,The bee is above the policeman and it is on Number 1.,X18_9_1.jpg,X18_9_2.jpg,N
71,2,X18,9,singular,,The bee is above the policeman and it is on Number 1.,X18_9_1.jpg,X18_9_2.jpg,N
71,3,X18,9,singular,,The bee is above the policeman and it is on Number 1.,X18_9_1.jpg,X18_9_2.jpg,N
71,4,X18,9,singular,,The bee is above the policeman and it is on Number 1.,X18_9_1.jpg,X18_9_2.jpg,N
72,1,30,4,plural,plural,The fortune-tellers below the boxers are on Number 5.,E30_4_1.jpg,E30_4_2.jpg,Y
72,2,30,2,plural,singular,The fortune-tellers below the boxer are on Number 5.,E30_2_1.jpg,E30_2_2.jpg,Y
72,3,30,3,plural,plural,The fortune-tellers below the ballerinas are on Number 5.,E30_3_1.jpg,E30_3_2.jpg,Y
72,4,30,1,plural,singular,The fortune-tellers below the ballerina are on Number 5.,E30_1_1.jpg,E30_1_2.jpg,Y
73,1,X05,9,plural,,There are drums and they are on Number 1.,X05_9_1.jpg,X05_9_2.jpg,N
73,2,X05,9,plural,,There are drums and they are on Number 1.,X05_9_1.jpg,X05_9_2.jpg,N
73,3,X05,9,plural,,There are drums and they are on Number 1.,X05_9_1.jpg,X05_9_2.jpg,N
73,4,X05,9,plural,,There are drums and they are on Number 1.,X05_9_1.jpg,X05_9_2.jpg,N
74,1,X47,9,singular,,There is a gift and it is on Number 5.,X47_9_1.jpg,X47_9_2.jpg,N
74,2,X47,9,singular,,There is a gift and it is on Number 5.,X47_9_1.jpg,X47_9_2.jpg,N
74,3,X47,9,singular,,There is a gift and it is on Number 5.,X47_9_1.jpg,X47_9_2.jpg,N
74,4,X47,9,singular,,There is a gift and it is on Number 5.,X47_9_1.jpg,X47_9_2.jpg,N
75,1,13,2,plural,singular,The countesses below the bellboy are on Number 5.,E13_2_1.jpg,E13_2_2.jpg,Y
75,2,13,4,plural,plural,The countesses below the bellboys are on Number 5.,E13_4_1.jpg,E13_4_2.jpg,Y
75,3,13,1,plural,singular,The countesses below the secretary are on Number 5.,E13_1_1.jpg,E13_1_2.jpg,Y
75,4,13,3,plural,plural,The countesses below the secretaries are on Number 5.,E13_3_1.jpg,E13_3_2.jpg,Y
76,1,X14,9,plural,singular,Next to the sweets there is a magician and he is on Number 6.,X14_9_1.jpg,X14_9_2.jpg,N
76,2,X14,9,plural,singular,Next to the sweets there is a magician and he is on Number 6.,X14_9_1.jpg,X14_9_2.jpg,N
76,3,X14,9,plural,singular,Next to the sweets there is a magician and he is on Number 6.,X14_9_1.jpg,X14_9_2.jpg,N
76,4,X14,9,plural,singular,Next to the sweets there is a magician and he is on Number 6.,X14_9_1.jpg,X14_9_2.jpg,N
77,1,X54,9,singular,singular,Below the coffee there is a student and she is on Number 4.,X54_9_1.jpg,X54_9_2.jpg,N
77,2,X54,9,singular,singular,Below the coffee there is a student and she is on Number 4.,X54_9_1.jpg,X54_9_2.jpg,N
77,3,X54,9,singular,singular,Below the coffee there is a student and she is on Number 4.,X54_9_1.jpg,X54_9_2.jpg,N
77,4,X54,9,singular,singular,Below the coffee there is a student and she is on Number 4.,X54_9_1.jpg,X54_9_2.jpg,N
78,1,29,4,plural,plural,The pilots next to the nurses are on Number 1.,E29_4_1.jpg,E29_4_2.jpg,Y
78,2,29,2,plural,singular,The pilots next to the nurse are on Number 1.,E29_2_1.jpg,E29_2_2.jpg,Y
78,3,29,3,plural,plural,The pilots next to the doctors are on Number 1.,E29_3_1.jpg,E29_3_2.jpg,Y
78,4,29,1,plural,singular,The pilots next to the doctor are on Number 1.,E29_1_1.jpg,E29_1_2.jpg,Y
79,1,X33,9,singular,plural,The monk is on Number 3 and he is above the cakes.,X33_9_1.jpg,X33_9_2.jpg,N
79,2,X33,9,singular,plural,The monk is on Number 3 and he is above the cakes.,X33_9_1.jpg,X33_9_2.jpg,N
79,3,X33,9,singular,plural,The monk is on Number 3 and he is above the cakes.,X33_9_1.jpg,X33_9_2.jpg,N
79,4,X33,9,singular,plural,The monk is on Number 3 and he is above the cakes.,X33_9_1.jpg,X33_9_2.jpg,N
80,1,X39,9,plural,,There are crowns and they are on Number 6.,X39_9_1.jpg,X39_9_2.jpg,N
80,2,X39,9,plural,,There are crowns and they are on Number 6.,X39_9_1.jpg,X39_9_2.jpg,N
80,3,X39,9,plural,,There are crowns and they are on Number 6.,X39_9_1.jpg,X39_9_2.jpg,N
80,4,X39,9,plural,,There are crowns and they are on Number 6.,X39_9_1.jpg,X39_9_2.jpg,N
81,1,6,3,plural,plural,The soldiers above the footballers are on Number 3.,E06_3_1.jpg,E06_3_2.jpg,Y
81,2,6,1,plural,singular,The soldiers above the footballer are on Number 3.,E06_1_1.jpg,E06_1_2.jpg,Y
81,3,6,4,plural,plural,The soldiers above the cheerleaders are on Number 3.,E06_4_1.jpg,E06_4_2.jpg,Y
81,4,6,2,plural,singular,The soldiers above the cheerleader are on Number 3.,E06_2_1.jpg,E06_2_2.jpg,Y
82,1,X35,9,singular,,The cow is on Number 5 and it is on the row below the pianist.,X35_9_1.jpg,X35_9_2.jpg,N
82,2,X35,9,singular,,The cow is on Number 5 and it is on the row below the pianist.,X35_9_1.jpg,X35_9_2.jpg,N
82,3,X35,9,singular,,The cow is on Number 5 and it is on the row below the pianist.,X35_9_1.jpg,X35_9_2.jpg,N
82,4,X35,9,singular,,The cow is on Number 5 and it is on the row below the pianist.,X35_9_1.jpg,X35_9_2.jpg,N
83,1,X60,9,singular,,The pirate is on Number 3 and he is above the door.,X60_9_1.jpg,X60_9_2.jpg,N
83,2,X60,9,singular,,The pirate is on Number 3 and he is above the door.,X60_9_1.jpg,X60_9_2.jpg,N
83,3,X60,9,singular,,The pirate is on Number 3 and he is above the door.,X60_9_1.jpg,X60_9_2.jpg,N
83,4,X60,9,singular,,The pirate is on Number 3 and he is above the door.,X60_9_1.jpg,X60_9_2.jpg,N
84,1,28,1,plural,singular,The witches below the florist are on Number 4.,E28_1_1.jpg,E28_1_2.jpg,Y
84,2,28,3,plural,plural,The witches below the florists are on Number 4.,E28_3_1.jpg,E28_3_2.jpg,Y
84,3,28,2,plural,singular,The witches below the firefighter are on Number 4.,E28_2_1.jpg,E28_2_2.jpg,Y
84,4,28,4,plural,plural,The witches below the firefighters are on Number 4.,E28_4_1.jpg,E28_4_2.jpg,Y
85,1,X37,9,plural,,There are cars and they are on Number 3.,X37_9_1.jpg,X37_9_2.jpg,N
85,2,X37,9,plural,,There are cars and they are on Number 3.,X37_9_1.jpg,X37_9_2.jpg,N
85,3,X37,9,plural,,There are cars and they are on Number 3.,X37_9_1.jpg,X37_9_2.jpg,N
85,4,X37,9,plural,,There are cars and they are on Number 3.,X37_9_1.jpg,X37_9_2.jpg,N
86,1,X42,9,singular,singular,The farmer is on Number 4 and he is below the bamboo.,X42_9_1.jpg,X42_9_2.jpg,N
86,2,X42,9,singular,singular,The farmer is on Number 4 and he is below the bamboo.,X42_9_1.jpg,X42_9_2.jpg,N
86,3,X42,9,singular,singular,The farmer is on Number 4 and he is below the bamboo.,X42_9_1.jpg,X42_9_2.jpg,N
86,4,X42,9,singular,singular,The farmer is on Number 4 and he is below the bamboo.,X42_9_1.jpg,X42_9_2.jpg,N
87,1,35,2,plural,singular,The waitresses above the priest are on Number 1.,E35_2_1.jpg,E35_2_2.jpg,Y
87,2,35,4,plural,plural,The waitresses above the priests are on Number 1.,E35_4_1.jpg,E35_4_2.jpg,Y
87,3,35,1,plural,singular,The waitresses above the nun are on Number 1.,E35_1_1.jpg,E35_1_2.jpg,Y
87,4,35,3,plural,plural,The waitresses above the nuns are on Number 1.,E35_3_1.jpg,E35_3_2.jpg,Y
88,1,X49,9,plural,singular,"The daisies are on Number 6, and they are below the ant.",X49_9_1.jpg,X49_9_2.jpg,N
88,2,X49,9,plural,singular,"The daisies are on Number 6, and they are below the ant.",X49_9_1.jpg,X49_9_2.jpg,N
88,3,X49,9,plural,singular,"The daisies are on Number 6, and they are below the ant.",X49_9_1.jpg,X49_9_2.jpg,N
88,4,X49,9,plural,singular,"The daisies are on Number 6, and they are below the ant.",X49_9_1.jpg,X49_9_2.jpg,N
89,1,X44,9,singular,plural,The leaves are on the row below the dress maker and they are on Number 5.,X44_9_1.jpg,X44_9_2.jpg,N
89,2,X44,9,singular,plural,The leaves are on the row below the dress maker and they are on Number 5.,X44_9_1.jpg,X44_9_2.jpg,N
89,3,X44,9,singular,plural,The leaves are on the row below the dress maker and they are on Number 5.,X44_9_1.jpg,X44_9_2.jpg,N
89,4,X44,9,singular,plural,The leaves are on the row below the dress maker and they are on Number 5.,X44_9_1.jpg,X44_9_2.jpg,N
90,1,32,3,plural,plural,The housekeepers above the cheerleaders are on Number 1.,E32_3_1.jpg,E32_3_2.jpg,Y
90,2,32,1,plural,singular,The housekeepers above the cheerleader are on Number 1.,E32_1_1.jpg,E32_1_2.jpg,Y
90,3,32,4,plural,plural,The housekeepers above the footballers are on Number 1.,E32_4_1.jpg,E32_4_2.jpg,Y
90,4,32,2,plural,singular,The housekeepers above the footballer are on Number 1.,E32_2_1.jpg,E32_2_2.jpg,Y
91,1,X63,9,plural,,The buses are on Number 5.,X63_9_1.jpg,X63_9_2.jpg,N
91,2,X63,9,plural,,The buses are on Number 5.,X63_9_1.jpg,X63_9_2.jpg,N
91,3,X63,9,plural,,The buses are on Number 5.,X63_9_1.jpg,X63_9_2.jpg,N
91,4,X63,9,plural,,The buses are on Number 5.,X63_9_1.jpg,X63_9_2.jpg,N
92,1,X57,9,singular,singular,The astronaut is on Number 3 and he is on the same line as the light bulb.,X57_9_1.jpg,X57_9_2.jpg,N
92,2,X57,9,singular,singular,The astronaut is on Number 3 and he is on the same line as the light bulb.,X57_9_1.jpg,X57_9_2.jpg,N
92,3,X57,9,singular,singular,The astronaut is on Number 3 and he is on the same line as the light bulb.,X57_9_1.jpg,X57_9_2.jpg,N
92,4,X57,9,singular,singular,The astronaut is on Number 3 and he is on the same line as the light bulb.,X57_9_1.jpg,X57_9_2.jpg,N
93,1,27,1,plural,singular,The bellboys next to the knight are on Number 2.,E27_1_1.jpg,E27_1_2.jpg,Y
93,2,27,3,plural,plural,The bellboys next to the knights are on Number 2.,E27_3_1.jpg,E27_3_2.jpg,Y
93,3,27,2,plural,singular,The bellboys next to the countess are on Number 2.,E27_2_1.jpg,E27_2_2.jpg,Y
93,4,27,4,plural,plural,The bellboys next to the countesses are on Number 2.,E27_4_1.jpg,E27_4_2.jpg,Y
94,1,X46,9,singular,singular,There is a swimmer and she is on Number 1.,X46_9_1.jpg,X46_9_2.jpg,N
94,2,X46,9,singular,singular,There is a swimmer and she is on Number 1.,X46_9_1.jpg,X46_9_2.jpg,N
94,3,X46,9,singular,singular,There is a swimmer and she is on Number 1.,X46_9_1.jpg,X46_9_2.jpg,N
94,4,X46,9,singular,singular,There is a swimmer and she is on Number 1.,X46_9_1.jpg,X46_9_2.jpg,N
95,1,X64,9,plural,,There are elephants on Number 1.,X64_9_1.jpg,X64_9_2.jpg,N
95,2,X64,9,plural,,There are elephants on Number 1.,X64_9_1.jpg,X64_9_2.jpg,N
95,3,X64,9,plural,,There are elephants on Number 1.,X64_9_1.jpg,X64_9_2.jpg,N
95,4,X64,9,plural,,There are elephants on Number 1.,X64_9_1.jpg,X64_9_2.jpg,N
96,1,17,4,plural,plural,The brides next to the barbers are on Number 4.,E17_4_1.jpg,E17_4_2.jpg,Y
96,2,17,2,plural,singular,The brides next to the barber are on Number 4.,E17_2_1.jpg,E17_2_2.jpg,Y
96,3,17,1,plural,singular,The brides next to the hairdresser are on Number 4.,E17_1_1.jpg,E17_1_2.jpg,Y
96,4,17,3,plural,plural,The brides next to the hairdressers are on Number 4.,E17_3_1.jpg,E17_3_2.jpg,Y
97,1,X71,9,singular,,The guinea pigs are on Number 6 and they are below the printer.,X71_9_1.jpg,X71_9_2.jpg,N
97,2,X71,9,singular,,The guinea pigs are on Number 6 and they are below the printer.,X71_9_1.jpg,X71_9_2.jpg,N
97,3,X71,9,singular,,The guinea pigs are on Number 6 and they are below the printer.,X71_9_1.jpg,X71_9_2.jpg,N
97,4,X71,9,singular,,The guinea pigs are on Number 6 and they are below the printer.,X71_9_1.jpg,X71_9_2.jpg,N
98,1,X68,9,singular,,The radiator is below the volley player and it is on Number 1.,X68_9_1.jpg,X68_9_2.jpg,N
98,2,X68,9,singular,,The radiator is below the volley player and it is on Number 1.,X68_9_1.jpg,X68_9_2.jpg,N
98,3,X68,9,singular,,The radiator is below the volley player and it is on Number 1.,X68_9_1.jpg,X68_9_2.jpg,N
98,4,X68,9,singular,,The radiator is below the volley player and it is on Number 1.,X68_9_1.jpg,X68_9_2.jpg,N
99,1,26,2,plural,singular,The boys above the grandmother are on Number 2.,E26_2_1.jpg,E26_2_2.jpg,Y
99,2,26,4,plural,plural,The boys above the grandmothers are on Number 2.,E26_4_1.jpg,E26_4_2.jpg,Y
99,3,26,3,plural,plural,The boys above the grandfathers are on Number 2.,E26_3_1.jpg,E26_3_2.jpg,Y
99,4,26,1,plural,singular,The boys above the grandfather are on Number 2.,E26_1_1.jpg,E26_1_2.jpg,Y
100,1,X29,9,singular,singular,"Next to the skater, there is a cocktail on Number 2.",X29_9_1.jpg,X29_9_2.jpg,N
100,2,X29,9,singular,singular,"Next to the skater, there is a cocktail on Number 2.",X29_9_1.jpg,X29_9_2.jpg,N
100,3,X29,9,singular,singular,"Next to the skater, there is a cocktail on Number 2.",X29_9_1.jpg,X29_9_2.jpg,N
100,4,X29,9,singular,singular,"Next to the skater, there is a cocktail on Number 2.",X29_9_1.jpg,X29_9_2.jpg,N
101,1,X45,9,plural,singular,"The nuts are on Number 3, and they are above the gladiator.",X45_9_1.jpg,X45_9_2.jpg,N
101,2,X45,9,plural,singular,"The nuts are on Number 3, and they are above the gladiator.",X45_9_1.jpg,X45_9_2.jpg,N
101,3,X45,9,plural,singular,"The nuts are on Number 3, and they are above the gladiator.",X45_9_1.jpg,X45_9_2.jpg,N
101,4,X45,9,plural,singular,"The nuts are on Number 3, and they are above the gladiator.",X45_9_1.jpg,X45_9_2.jpg,N
102,1,34,1,plural,singular,The nuns next to the waitress are on Number 3.,E34_1_1.jpg,E34_1_2.jpg,Y
102,2,34,3,plural,plural,The nuns next to the waitresses are on Number 3.,E34_3_1.jpg,E34_3_2.jpg,Y
102,3,34,2,plural,singular,The nuns next to the waiter are on Number 3.,E34_2_1.jpg,E34_2_2.jpg,Y
102,4,34,4,plural,plural,The nuns next to the waiters are on Number 3.,E34_4_1.jpg,E34_4_2.jpg,Y
103,1,X73,9,plural,,The painter is on Number 3 and he is on the same row as the pizzas.,X73_9_1.jpg,X73_9_2.jpg,N
103,2,X73,9,plural,,The painter is on Number 3 and he is on the same row as the pizzas.,X73_9_1.jpg,X73_9_2.jpg,N
103,3,X73,9,plural,,The painter is on Number 3 and he is on the same row as the pizzas.,X73_9_1.jpg,X73_9_2.jpg,N
103,4,X73,9,plural,,The painter is on Number 3 and he is on the same row as the pizzas.,X73_9_1.jpg,X73_9_2.jpg,N
104,1,X12,9,singular,plural,"There is a screen on Number 5, and it is below the sunflowers.",X12_9_1.jpg,X12_9_2.jpg,N
104,2,X12,9,singular,plural,"There is a screen on Number 5, and it is below the sunflowers.",X12_9_1.jpg,X12_9_2.jpg,N
104,3,X12,9,singular,plural,"There is a screen on Number 5, and it is below the sunflowers.",X12_9_1.jpg,X12_9_2.jpg,N
104,4,X12,9,singular,plural,"There is a screen on Number 5, and it is below the sunflowers.",X12_9_1.jpg,X12_9_2.jpg,N
105,1,33,3,plural,plural,The doctors below the pilots are on Number 6.,E33_3_1.jpg,E33_3_2.jpg,Y
105,2,33,1,plural,singular,The doctors below the pilot are on Number 6.,E33_1_1.jpg,E33_1_2.jpg,Y
105,3,33,4,plural,plural,The doctors below the stewardesses are on Number 6.,E33_4_1.jpg,E33_4_2.jpg,Y
105,4,33,2,plural,singular,The doctors below the stewardess are on Number 6.,E33_2_1.jpg,E33_2_2.jpg,Y
106,1,X23,9,plural,,"The lemons are on Number 4, and they are below the golfer.",X23_9_1.jpg,X23_9_2.jpg,N
106,2,X23,9,plural,,"The lemons are on Number 4, and they are below the golfer.",X23_9_1.jpg,X23_9_2.jpg,N
106,3,X23,9,plural,,"The lemons are on Number 4, and they are below the golfer.",X23_9_1.jpg,X23_9_2.jpg,N
106,4,X23,9,plural,,"The lemons are on Number 4, and they are below the golfer.",X23_9_1.jpg,X23_9_2.jpg,N
107,1,X76,9,singular,plural,The squirrels are above the rope and they are on Number 2.,X76_9_1.jpg,X76_9_2.jpg,N
107,2,X76,9,singular,plural,The squirrels are above the rope and they are on Number 2.,X76_9_1.jpg,X76_9_2.jpg,N
107,3,X76,9,singular,plural,The squirrels are above the rope and they are on Number 2.,X76_9_1.jpg,X76_9_2.jpg,N
107,4,X76,9,singular,plural,The squirrels are above the rope and they are on Number 2.,X76_9_1.jpg,X76_9_2.jpg,N
108,1,14,4,plural,plural,The sheriffs next to the ballerinas are on Number 6.,E14_4_1.jpg,E14_4_2.jpg,Y
108,2,14,2,plural,singular,The sheriffs next to the ballerina are on Number 6.,E14_2_1.jpg,E14_2_2.jpg,Y
108,3,14,3,plural,plural,The sheriffs next to the boxers are on Number 6.,E14_3_1.jpg,E14_3_2.jpg,Y
108,4,14,1,plural,singular,The sheriffs next to the boxer are on Number 6.,E14_1_1.jpg,E14_1_2.jpg,Y
109,1,X67,9,plural,singular,The tweezers are on Number 4 and they are on the same line as the hunter.,X67_9_1.jpg,X67_9_2.jpg,N
109,2,X67,9,plural,singular,The tweezers are on Number 4 and they are on the same line as the hunter.,X67_9_1.jpg,X67_9_2.jpg,N
109,3,X67,9,plural,singular,The tweezers are on Number 4 and they are on the same line as the hunter.,X67_9_1.jpg,X67_9_2.jpg,N
109,4,X67,9,plural,singular,The tweezers are on Number 4 and they are on the same line as the hunter.,X67_9_1.jpg,X67_9_2.jpg,N
110,1,X70,9,singular,singular,The prisoner is on Number 6 and he is on the row below the ice cream.,X70_9_1.jpg,X70_9_2.jpg,N
110,2,X70,9,singular,singular,The prisoner is on Number 6 and he is on the row below the ice cream.,X70_9_1.jpg,X70_9_2.jpg,N
110,3,X70,9,singular,singular,The prisoner is on Number 6 and he is on the row below the ice cream.,X70_9_1.jpg,X70_9_2.jpg,N
110,4,X70,9,singular,singular,The prisoner is on Number 6 and he is on the row below the ice cream.,X70_9_1.jpg,X70_9_2.jpg,N
111,1,12,2,plural,singular,The firefighters next to the witch are on Number 2.,E12_2_1.jpg,E12_2_2.jpg,Y
111,2,12,4,plural,plural,The firefighters next to the witches are on Number 2.,E12_4_1.jpg,E12_4_2.jpg,Y
111,3,12,1,plural,singular,The firefighters next to the wizard are on Number 2.,E12_1_1.jpg,E12_1_2.jpg,Y
111,4,12,3,plural,plural,The firefighters next to the wizards are on Number 2.,E12_3_1.jpg,E12_3_2.jpg,Y
112,1,X74,9,singular,,"On Number 2, there is a stool.",X74_9_1.jpg,X74_9_2.jpg,N
112,2,X74,9,singular,,"On Number 2, there is a stool.",X74_9_1.jpg,X74_9_2.jpg,N
112,3,X74,9,singular,,"On Number 2, there is a stool.",X74_9_1.jpg,X74_9_2.jpg,N
112,4,X74,9,singular,,"On Number 2, there is a stool.",X74_9_1.jpg,X74_9_2.jpg,N
113,1,X07,9,plural,,The nails are on Number 3 and they are next to the nymph.,X07_9_1.jpg,X07_9_2.jpg,N
113,2,X07,9,plural,,The nails are on Number 3 and they are next to the nymph.,X07_9_1.jpg,X07_9_2.jpg,N
113,3,X07,9,plural,,The nails are on Number 3 and they are next to the nymph.,X07_9_1.jpg,X07_9_2.jpg,N
113,4,X07,9,plural,,The nails are on Number 3 and they are next to the nymph.,X07_9_1.jpg,X07_9_2.jpg,N
114,1,X06,9,singular,singular,"On Number 4, there is a bouncer and he is next to the biscuit.",X06_9_1.jpg,X06_9_2.jpg,N
114,2,X06,9,singular,singular,"On Number 4, there is a bouncer and he is next to the biscuit.",X06_9_1.jpg,X06_9_2.jpg,N
114,3,X06,9,singular,singular,"On Number 4, there is a bouncer and he is next to the biscuit.",X06_9_1.jpg,X06_9_2.jpg,N
114,4,X06,9,singular,singular,"On Number 4, there is a bouncer and he is next to the biscuit.",X06_9_1.jpg,X06_9_2.jpg,N
115,1,23,1,plural,singular,The princesses next to the cashier are on Number 5.,E23_1_1.jpg,E23_1_2.jpg,Y
115,2,23,3,plural,plural,The princesses next to the cashiers are on Number 5.,E23_3_1.jpg,E23_3_2.jpg,Y
115,3,23,4,plural,plural,The princesses next to the bricklayers are on Number 5.,E23_4_1.jpg,E23_4_2.jpg,Y
115,4,23,2,plural,singular,The princesses next to the bricklayer are on Number 5.,E23_2_1.jpg,E23_2_2.jpg,Y
116,1,X75,9,singular,,"The lock is on Number 2, on the row above the doughnuts and penguins.",X75_9_1.jpg,X75_9_2.jpg,N
116,2,X75,9,singular,,"The lock is on Number 2, on the row above the doughnuts and penguins.",X75_9_1.jpg,X75_9_2.jpg,N
116,3,X75,9,singular,,"The lock is on Number 2, on the row above the doughnuts and penguins.",X75_9_1.jpg,X75_9_2.jpg,N
116,4,X75,9,singular,,"The lock is on Number 2, on the row above the doughnuts and penguins.",X75_9_1.jpg,X75_9_2.jpg,N
117,1,X11,9,singular,plural,The plant is on Number 4 and it is below the chickpeas.,X11_9_1.jpg,X11_9_2.jpg,N
117,2,X11,9,singular,plural,The plant is on Number 4 and it is below the chickpeas.,X11_9_1.jpg,X11_9_2.jpg,N
117,3,X11,9,singular,plural,The plant is on Number 4 and it is below the chickpeas.,X11_9_1.jpg,X11_9_2.jpg,N
117,4,X11,9,singular,plural,The plant is on Number 4 and it is below the chickpeas.,X11_9_1.jpg,X11_9_2.jpg,N
118,1,38,2,plural,singular,The knights above the secretary are on Number 2.,E38_2_1.jpg,E38_2_2.jpg,Y
118,2,38,4,plural,plural,The knights above the secretaries are on Number 2.,E38_4_1.jpg,E38_4_2.jpg,Y
118,3,38,1,plural,singular,The knights above the bellboy are on Number 2.,E38_1_1.jpg,E38_1_2.jpg,Y
118,4,38,3,plural,plural,The knights above the bellboys are on Number 2.,E38_3_1.jpg,E38_3_2.jpg,Y
119,1,X51,9,plural,singular,There are eagles and they are on Number 6.,X51_9_1.jpg,X51_9_2.jpg,N
119,2,X51,9,plural,singular,There are eagles and they are on Number 6.,X51_9_1.jpg,X51_9_2.jpg,N
119,3,X51,9,plural,singular,There are eagles and they are on Number 6.,X51_9_1.jpg,X51_9_2.jpg,N
119,4,X51,9,plural,singular,There are eagles and they are on Number 6.,X51_9_1.jpg,X51_9_2.jpg,N
120,1,X04,9,singular,singular,"Below the scooter, there is a singer and she is on Number 5.",X04_9_1.jpg,X04_9_2.jpg,N
120,2,X04,9,singular,singular,"Below the scooter, there is a singer and she is on Number 5.",X04_9_1.jpg,X04_9_2.jpg,N
120,3,X04,9,singular,singular,"Below the scooter, there is a singer and she is on Number 5.",X04_9_1.jpg,X04_9_2.jpg,N
120,4,X04,9,singular,singular,"Below the scooter, there is a singer and she is on Number 5.",X04_9_1.jpg,X04_9_2.jpg,N
121,1,X77,9,singular,singular,"There is a runner, on the same row as the zebra, and she is on Number 4.",X77_9_1.jpg,X77_9_2.jpg,N
121,2,X77,9,singular,singular,"There is a runner, on the same row as the zebra, and she is on Number 4.",X77_9_1.jpg,X77_9_2.jpg,N
121,3,X77,9,singular,singular,"There is a runner, on the same row as the zebra, and she is on Number 4.",X77_9_1.jpg,X77_9_2.jpg,N
121,4,X77,9,singular,singular,"There is a runner, on the same row as the zebra, and she is on Number 4.",X77_9_1.jpg,X77_9_2.jpg,N
122,1,21,3,plural,plural,The queens below the fairies are on Number 6.,E21_3_1.jpg,E21_3_2.jpg,Y
122,2,21,1,plural,singular,The queens below the fairy are on Number 6.,E21_1_1.jpg,E21_1_2.jpg,Y
122,3,21,2,plural,singular,The queens below the sailor are on Number 6.,E21_2_1.jpg,E21_2_2.jpg,Y
122,4,21,4,plural,plural,The queens below the sailors are on Number 6.,E21_4_1.jpg,E21_4_2.jpg,Y
123,1,X61,9,plural,,The hedgehog is on Number 3 and it is above the watermelons.,X61_9_1.jpg,X61_9_2.jpg,N
123,2,X61,9,plural,,The hedgehog is on Number 3 and it is above the watermelons.,X61_9_1.jpg,X61_9_2.jpg,N
123,3,X61,9,plural,,The hedgehog is on Number 3 and it is above the watermelons.,X61_9_1.jpg,X61_9_2.jpg,N
123,4,X61,9,plural,,The hedgehog is on Number 3 and it is above the watermelons.,X61_9_1.jpg,X61_9_2.jpg,N
124,1,X66,9,singular,,The rugby player is below the tomato and he is on Number 4.,X66_9_1.jpg,X66_9_2.jpg,N
124,2,X66,9,singular,,The rugby player is below the tomato and he is on Number 4.,X66_9_1.jpg,X66_9_2.jpg,N
124,3,X66,9,singular,,The rugby player is below the tomato and he is on Number 4.,X66_9_1.jpg,X66_9_2.jpg,N
124,4,X66,9,singular,,The rugby player is below the tomato and he is on Number 4.,X66_9_1.jpg,X66_9_2.jpg,N
125,1,X78,9,singular,,The sofa is on Number 3 and it is above the beekeeper.,X78_9_1.jpg,X78_9_2.jpg,N
125,2,X78,9,singular,,The sofa is on Number 3 and it is above the beekeeper.,X78_9_1.jpg,X78_9_2.jpg,N
125,3,X78,9,singular,,The sofa is on Number 3 and it is above the beekeeper.,X78_9_1.jpg,X78_9_2.jpg,N
125,4,X78,9,singular,,The sofa is on Number 3 and it is above the beekeeper.,X78_9_1.jpg,X78_9_2.jpg,N
126,1,20,4,plural,plural,The stewardesses next to the doctors are on Number 5.,E20_4_1.jpg,E20_4_2.jpg,Y
126,2,20,2,plural,singular,The stewardesses next to the doctor are on Number 5.,E20_2_1.jpg,E20_2_2.jpg,Y
126,3,20,3,plural,plural,The stewardesses next to the nurses are on Number 5.,E20_3_1.jpg,E20_3_2.jpg,Y
126,4,20,1,plural,singular,The stewardesses next to the nurse are on Number 5.,E20_1_1.jpg,E20_1_2.jpg,Y
